6,Markov,0,2020-04-30 01:41:25,
7,Gabriel,0,2020-05-31 00:00:00,
8,Gabriel,0,2020-06-01 00:00:00,
9,Gabriel,0,2020-06-01 00:00:00,
10,Gabriel,0,2020-05-31 00:00:00,
11,Gabriel,0,2020-06-01 00:00:00,
12,Gheorghiu,0,2020-05-31 00:00:00,
13,Gabriel,0,2020-05-31 00:00:00,
14,Gabriel,0,2020-05-31 00:00:00,
15,B,0,2020-05-31 00:00:00,
16,Gheorghiu,0,2020-05-31 00:00:00,
17,Alexei,0,2020-06-01 23:31:36,
18,Gabriel,0,2020-05-31 00:00:00,
19,Gabriel,0,2020-06-01 00:00:00,
20,B,0,2020-05-31 00:00:00,
21,Gabriel,0,2020-06-01 00:00:00,
22,Gabriel,0,2020-06-01 00:00:00,
23,Alexei,0,2020-06-01 23:31:36,
24,Gabriel,0,2020-06-01 00:00:00,
25,Gabriel,0,2020-05-31 00:00:00,
26,Gabriel,0,2020-06-01 00:00:00,
27,Gabriel,0,2020-06-01 00:00:00,
28,Gabriel,0,2020-06-01 00:00:00,
29,Gabriel,0,2020-05-31 00:00:00,
30,Gabriel,0,2020-05-31 00:00:00,
31,Gheorghiu,0,2020-05-31 00:00:00,
32,Gabriel,0,2020-05-31 00:00:00,
33,Gabriel,0,2020-06-01 00:00:00,
34,Gabriel,0,2020-05-31 00:00:00,
35,Alexei,0,2020-06-01 23:31:36,
36,Gabriel,0,2020-05-31 00:00:00,
37,Alexei,0,2020-06-01 23:31:36,
38,Alexei,0,2020-06-01 23:31:36,
39,Gabriel,0,2020-05-31 00:00:00,
40,Gheorghiu,0,2020-05-31 00:00:00,
41,Alexei,0,2020-06-01 23:31:36,
